,0,1,2,3
0,1708961390.0,Could you recommend home gym equipment for Small Spaces?,"I am a 90kg man but quite weak, I always feel insecure about it, so I am determined to change myself to be strong. I have a desire to set up a small home gym, however, I really don't know where to start with what equipment to avoid wasting both space and money. Can someone with experience share some advice with me?

My budget around 800-1500$.",Swimming
1,1708956885.0,Attire,The pool I go to doesn‚Äôt really care what people wear in the water.  It doesn‚Äôt bother me that much but yesterday a guy left the sauna in his flannel pj pants and went right into the pool. I didn‚Äôt say anything but what r thoughts on this?  Just ignore it?  Typically I only care if someone‚Äôs actions are directly impacting me but this was just I dunno flagrant I guess.,Swimming
2,1708953545.0,"Swam my first km, how to keep it up and improve?","Hi everyone,

I'm in my early thirties and while I always did sports during my life, I stopped in recent years and gained some weight (a bunch, 110kg for 180cm).

I want to share my last 2 weeks experience and ask you for some advice.

Two weeks ago I went to my local gym on a Sunday to just relax with a bit of swimming and then a bit of spa.

While I grew up near the sea, swimming since I was a kid and doing spearfishing, I never swam in a pool and I quickly realized that my first day was going to be dreadful. I had to stop every 25m and I managed to swim basically 300 meters total in free style. But I loved it 

I started watching videos and reading the subreddit trying to improve and I started going to the pool 3/4 times a week in the last 2 weeks focusing on breathing, movements, balance, etc.

I started seeing results and I managed to swim, with breaks, a total of  600m at the start of last week and mid week I swam my first km with a 10 seconds break every 25m and 20 seconds break every 50.

Knowing I could at least swim that much with breaks, I decided to try and increase the amount of laps I could do without stopping, and this last saturday I went back and I managed to swim 400m without breaks, rest 2 minutes and do another 400m. It was hard for me but I managed.

Yesterday I went to the pool almost by chance and while I was very tired, I decided to try and do the 2x400 meters swim again.

I barely finished the first 400 meters and after resting I started the second one thinking I wouldn't be able to finish it, but after doing 200 meters it felt like something clicked.

I wasn't in debt of oxygen, my arms didn't hurt and I just kept going. Completed the 400m and kept going, did another 400m and thought ""It's just 200 meters more for a km"" and I just went for it and did it!

I was very tired (ate a whole family sized pizza), but I'm so happy that I had to share with someone, especially because without reading a bunch of posts here I don't think I would have improved this much from barely making 25m.

Now, I would like to build up stamina before joining a course and I would like to know where do I go from here.

Am I ok repeating this 400meters + 1km until I feel more comfortable with the full km? Should I try and increase the length and keep my pace or is it better shorter but faster stints?

My goal is first to get enough stamina so that I won't waste my money with a course where I wouldn't be able to swim enough, and then lose weight.

I still don't understand how yesterday I went from almost dying to just not feeling tired and I hope it wasn't just a fluke.

Sorry if these are dumb questions but I'm out of my element with swimming in the pool.

Thank you so much!",Swimming
3,1708952499.0,Can anyone please tell me the name of the technique at 2:43?,,Swimming
4,1708951774.0,Y Nationals,"We are headed to Greensboro for Ynats.  There are many ymca hotel recommendations anywhere from 1-15 miles away. Some downtown, some near airport, some close to the pool.

Where does everyone recommend staying and why?

What‚Äôs about an Airbnb?

Any tips for the meet would be greatly appreciated!",Swimming
5,1708951655.0,Does swimming cause acne?,,Swimming
6,1708950910.0,What‚Äôs your go to things to think about when dying in a race,Body,Swimming
7,1708950425.0,Can swimming to near complete exhaustion twice  allow me to swim an untamed 100m in a week ,"My coaches said that they'll allow me to take the team tryouts on Saturday. The tryout entails a 100m free ( doesn't matter how fast you complete it as long as you don't do it too slow, they're really just testing your stamina ) , a 25m of any other stroke other than freestyle and then thread for 2 minutes. My main probably is the 100m free, the last time I did it I messed up and only did a 50m, but I know I could have went farther. That was I think a month ago but I'm confident that I can actually do the entire 100m now. I have training on Wednesday and Friday before Saturday so I planned on just swimming as close to my limit as possible without drowning in order to take the tryouts on Saturday.  Is that a good thing to do or am I overlooking something?",Swimming
8,1708941841.0,Switching to breaststroke while wearing fins?,"Context: I am a fairly new swimmer, mostly practicing freestyle and backstroke in a pool. I am pretty much useless at breaststroke, can do some odd 50m, but tbh it feels more tiring than freestyle. I am planning to swim some open water course this summer, wearing fins/wetsuit and swimming freestyle.

Question: I wonder if not being proficient in breaststroke would puts me in a disadvantage here? Should I invest some time into improving it? And if I were to switch into breaststroke mid-course while wearing fins, I imagine I would need to combine breaststroke pull with flutter/dolphin kick. Which one should I focus on more while training?

For the moment I am only interested in breaststroke as a supplementary/safety stroke (in addition to backstroke).",Swimming
9,1708939938.0,Can‚Äôt let go of the fins ,I‚Äôve been training for an open water swim for about 6 weeks now. When I‚Äôm swimming with the fins I feel great but every time I try to swim without them I feel so slow. Any advice? ,Swimming
10,1708932093.0,Tips for faster butterfly,I am swimming a race in a few days and I need to qualify for nationals. Dm me for race footage to critique,Swimming
11,1708924882.0,Please help critic / advice on my freestyle form,,Swimming
12,1708916699.0,Tips for max effort freestyle? Preparing for 50 free,https://youtube.com/shorts/m7IXTCdtKSs?si=pa2jIKLN5cHv2Gg5,Swimming
13,1708916600.0,15 year old looking for advice on starts,"I‚Äôm a 15 year old swimmer, and I‚Äôve only been swimming for 2 high school seasons. Recently at our sectional meet, I went a 26.29 50 yard freestyle and a 6:04 500 yard freestyle (was really stoked about that one.) I also went a 25.3 in my leg of the 200 free relay. I really love the sport, and I hope I can keep rapidly improving so I can swim at the collegiate level. My biggest struggles are my starts and turns, as on my starts I don‚Äôt have the explosiveness to get out far and my legs often collapse down when my torso enters the water. I feel that with strong and  explosive starts I could take a massive leap with my times, so any tips would be greatly appreciated.",Swimming
14,1708916085.0,I'M 26 and I would like to start Swimming. ,"I'm 26 and thin. I tried swimming at 15 but didn't stick with it for long.

I'm hoping to broaden my back and shoulders. Can swimming still help me achieve that at my age?
",Swimming
15,1708912472.0,tips for new casual swimmer,"I got back into swimming laps last week (I was on the swim team but just in, like, middle school) since I felt the beginning of an injury coming on (I'm training to run a half marathon) and needed to keep some sort of training but lower the impact on my legs. I went 3 times and I really enjoyed it!! I'm running again but I want to keep swimming as part of my cross training. however, I don't really have any idea of what I should be doing. does anyone have any advice or beginner workouts to recommend? I've kind of just been doing random stuff lol. here's what my last swim was, it was 1900 yards total if my addition's not wrong and it took me about an hour (ik I'm probably very slow)

200 breaststroke / 4 x 25 free / 4 x 25 breast / 4 x 25 free / 2 x 50 free / 2 x 50 breast / 8 x 25 alternating sprint free and easy breast / 200 breast / 4 x 25 free / 2 x 50 breast / 6 x 25 alternating back, free, breast / 2 x 50 free / 100 breast / 4 x 25 free / 100 breast / 50 free

is this a decent workout? what should I change? 

thank you!!!",Swimming
16,1708907204.0,New to [Technical] Swimming (40F) - what are some milestones/goals I should have?,"So I've reached 40 years of age and never really learned to swim or tread water properly until now. I have started swim instruction at a local pool and swim school in the US. I'm proud to say that now I can kinda tread water and float, and have learned a few strokes. But I haven't gotten to the point of swimming laps. I'm currently taking one small group lesson for 30 minutes, once a week. 

What are some milestones or goals I can incorporate as a beginner over the next three months? I'd like to get to the point that I can swim on my own as exercise once a week or once every other week, but how can I track progress and set a goal that is realistic but still gives me motivation?",Swimming
17,1708906578.0,Lonely Swimmer....,"Hello.  First post in this sub.  Never learned as a kid, I finally committed to lessons at age 47.  Flash forward 10 years and I still love it, but often get discouraged and am at a frustrating plateau, even feel I am regressing in my skills and ability.

Two of my best pools close by have closed (being replaced, new ones not ready for 2+yrs).  I'm a member at a brand new YMCA very close to my house, and the pool is very nice with a great laps only 5:30 am Mon-Fri schedule, but their adult lesson availability is pretty limited, and the pool is completely unusable on weekends aka non stop kids lessons.

I've also looked into Masters, but again locations are too far away for me for weekday morning practices, at least until the two new pools open in about 2 years.

At least where I live and for a full time working professional, it seems so hard to find anything that could serve as ongoing source of education, mentorship and support.  

I'm now looking at travelling to a swim camp somewhere in either western Canada or USA and hope to find something that will serve as a swimming vacation that will help me improve in technique, speed etc.

My search for progress in my swimming often makes me feel lonely, if that makes any sense.  Can't seem to meet or connect with other swimmers at my pool for a friendly chat and support etc.

Is anyone else in this situation, and looking for swim friends to chat with and support each other?

Thanks for listening and have a great day.

&#x200B;",Swimming
18,1708905819.0,Faster breaststroke ,"Hello, I'm super casual swimmer, but - my breaststroke is pretty slow. When I watched someone else swim this way, when they kicked they propelled themselves faaaar more than I do ... it's like when I push myself from a wall but they do it in the middle of a lane. I have no clue how, no matter how intensely I kick (I know explosive strength is something else than lifting, but I can do 160kg on leg press, so no strongman by any means, but probably my legs aren't super weak?). I watched a few videos on the topic but it didn't help",Swimming
19,1708903128.0,Strength training without building fatigue?,"I‚Äôve been a swimmer for a while and I‚Äôve also been going to the gym recently, it‚Äôs had positive effects for me, but at the cost of getting sore, and building up fatigue. I‚Äôm curious as to what you guys recommend in order to make a compromise here, I want to really up my game with competitive swimming and I know that strength training is an important step in getting there, but it hasn‚Äôt done much for me as far as swimming is concerned.

",Swimming
20,1708901330.0,Program,"Hi I have been training HIIT swimming for the past 3 months with this program and wonder if it's good.
I have been swimming for about 3 years.

My pool is 20m long

-Warm up-
 40 laps free style 

-3min rest-

-actual workout-
4 laps butterfly + 2 laps slow (backstroke) to rest . This is repeated 5 times 

-3min rest-

4 laps butterfly + 2 laps slow (backstroke) to rest . This is repeated 5 times 

-cool down-
10 laps whatever I like",Swimming
21,1708898807.0,Ear plugs you can still hear with,"Hi! I‚Äôm having serious ear issues that are new to me. I normally swim multiple times a week so I‚Äôve been told by my doctor I have to use earplugs. I‚Äôm nervous about noise reduction as I often swim outside/in the sea. 
Does anyone have recommendations for effective ear plugs you can still hear with? Esp in the UK (or US)",Swimming
22,1708898536.0,"Are 24/7 pools non-existent in the UK? If so, why?","I never realized this was an issue because I've always used my council leisure centre pool during normal business hours. That was until I got a job where I'm now working unsocial hours and I have been looking for any gym with a 24/7 pool access. They don't seem to exist. I've looked into high end gyms like David Lloyd and Virgin Active etc and even though some of them have 24/7 gym access, their swimming pools always close by 22:00 at the latest.  
I live about 20 miles away from a large university campus that has a team and I'm so desperate I checked their sports centre. They too have opening hours for their swimming pool. Is this due to some regulation I'm unaware of? It would be so frustrating if I have to give up a hobby I love because someone made a law saying adults cannot swim unsupervised. ",Swimming
23,1708894092.0,Head Sinking,"Newer freestyle swimmer. Been taking lessons. Recently I've encountered a problem that is opposite to what most people experience.

During my stroke the bottom of my heel is breaking the top of the water and my hips aren't sinking. So below the waist I've been told my form looks OK. When I turn my head and take a breath my mouth is still under water and I have to raise my head. Then I turn my head back my upper body sinks. Doing this many times my upper body bounces up and down. 

I've been told the my head is too deep. I've tried raising my head a little bit but it hasn't had much effect. Any tips on this would be much appreciated.",Swimming
24,1708892678.0,Lower back pain from using poul boy,"My coach made me use a poultry boy for the first time and at around my 6*25 my lower back at my side that I use to breathe started hurting. It's never done that before until then. I was rotating. What could have caused this, its been a week and it stills hurts",Swimming
25,1708883831.0,Insane speed for 25 yards?,What is a really quick speed for a 15 year old male in a 25 yard race? Is 6-8 seconds possible or an unrealistic goal?,Swimming
26,1708882537.0,Learning to swim with face in the water as an adult,"As a kid I had about four years of school swimming lessons, but could never progress to any higher levels because while I was comfortable in water and perfectly capable on my back, I could not swim 25m front stroke as I could not swim with my face in the water. Nothing the instructors tried helped (although they mostly tried yelling ‚Äòface in the water!‚Äô at me for four years straight). 
Since then, not much changed - when swimming, I‚Äôm fine on my back but splutter and sink on my front. I had a small breakthrough last summer when I had the opportunity to go snorkelling over a coral reef. I forced myself to try because I didn‚Äôt want to miss out, and with the snorkel and mask I was a competent swimmer, and was even fine over incredibly deep water, which previously felt impossible. This proved to me that the only thing holding me back was the ability to put my face in the water and manage my breathing. I do have some sensory issues so that might play a part. Swimming with a snorkel was amazing, but I want to be able to swim in an emergency situation.
I am reluctant to pay for swimming lessons as they are expensive, and in my experience just made me feel terrible about myself. I would be very grateful for any advice anyone had for overcoming this particular barrier. Thank you!",Swimming
27,1708879991.0,Accidentally inhaling water during freestyle,"I can only get halfway through a lap before my nose starts to hurt. When I come up to breathe water either flows from my head sideways into my mouth/nose or water from my arm lifting out of the water enters my mouth/nose. Also I seem to need a lot more air for freestyle compared to breaststroke

Also do you think that dolphins and sea otters have fin cramps and drown like we do?",Swimming
28,1708879381.0,Any good?,"I‚Äôve been swimming fairly regularly for the last year, and looking to do my first 5k this summer. Did the distance in the pool for the first time today, and I‚Äôm wondering if this is considered an OK time for the distance? 39, M, dad of three‚Ä¶",Swimming
29,1708878864.0,List of songs for swimming and singing,"t would be nice if you could to help me. I need list of 20 songs in English. Every song must have mention one of number from 1 to 20 (Like ¬´You load 16 tons, what do you get¬ª). 

I need it for lap counting. Every lap has its own song which I ‚Äúsing‚Äù in mind while the lap. For me it is most reliable method to count 20 (100m) laps without confusing. 

I used Russians songs before, so now I would try English))

&#x200B;",Swimming
30,1708875526.0,What kind of tech suit do I have?,So I was just handed down a tech suit that was only used once or twice and I‚Äôm trying to figure out what kind of tech suit it is. The only thing I know is that it‚Äôs speedo. Is there anyway I could figure out what kind of speedo tech suit it is?,Swimming
31,1708871042.0,Breathing technique to swim longer,I find myself always out of breath after each lap. Got any workout tips or swimming techniques to avoid this? Thanks!,Swimming
32,1708867372.0,Hallenbads in Berlin,"I‚Äôm traveling to Berlin this week for work.  I was wondering if anyone here could recommend a 50m LCM Hallenbad somewhere reasonably close to Berlin HB?  

I‚Äôm coming from Z√ºrich where we have a ton of beautiful public pools, especially given how small the city is.

I thought it would be easy to find something in Berlin given how large it is, but I haven‚Äôt had much success with google so far.  

I‚Äôm just looking for a place I can hit up and pay single entry 2-3 times in the coming week.

Any recommendations would be greatly welcomed!

Danke f√ºr deine Zeit!",Swimming
33,1708860885.0,ü§î What do Swimmer Look for in a Coach? üèä‚Äç‚ôÄÔ∏è Personal Experiences Wanted!,"I‚Äôm a cycling coach venturing into the world of triathlon coaching, and have a question for the swimmers out there:
‚Ä¢ **What qualities, skills, or support do you wish your swimming coach provided?**
Whether it's communication style, specific training methods, motivational techniques, or even the little things that make a big difference, I'd love to hear **YOUR** perspective and experiences.

-Coach Brian",Swimming
34,1708860210.0,Form goggles after the first year,A new set of goggles costs 194‚Ç¨ and comes with 12 months of premium. After that premium costs 16‚Ç¨/month so 192‚Ç¨ per year... Can't one just buy a new pair of goggles and essentially get premium + new goggles for an extra 2‚Ç¨? I'd definitely want to keep my workout history though.,Swimming
35,1708845852.0,Online swimming lessons ,Hello everyone ! I‚Äôm an Olympic swimmer that has online lessons ! I‚Äôm not posting it here now but if anyone is interested I can send you the link to fiver in the comments ! For everyone that wants to learn how to swim. Wants to talk to someone about their mentality in swimming or just wants to improve technique! ,Swimming
36,1708840209.0,Weekly whiteboard.,"Come on down and brag about your swim times, discuss training, and whatever else y'all got going on.   Completely open discussion.",Swimming
37,1708837945.0,Need Videos on Form,"I need some videos on perfecting form for all four strokes, that actually help instead of going on about some olympic swimmers shoulder rotation. Preferably for sprinters.

Please send links!

Edit: Preferably for a competitive sprinter 50-100m",Swimming
38,1708836940.0,How to stabilise head movement in freestyle ,My 12 years old love swimming. He recently joined local squad. Training 4 days a week with squad. The biggest issue at the moment is his head wobbles side to side when he swims freestyle. He listens and try to fix it but bad habits hard to break. Any drills recommendations or dry land exercises he can do to fix this issue. ? Thank you so much. ,Swimming
39,1708828704.0,My wrist turns outwards during entry. What should I do to fix this?,"My left wrist turns outwards during entry. Only the left wrist. This causes my left arm to sweep  outwards creating drag. What should I do to fix this?

Thank you!",Swimming
40,1708827923.0,What are some simple tips that made a world of difference for your swimming technique?,"For example, when I heard ‚Äúswim downhill‚Äù that was huge and improved my swim so much. I didn‚Äôt start swimming until college and just took a couple classes, so I‚Äôll wondering if there are more even basic tips like this that I never heard that can help? ",Swimming
41,1708824837.0,A fly swimmer‚Äôs best friend during practice - Lane linesüòâ,How many of you have bruised yourselves against lanes lines while swimming fly during practice?,Swimming
42,1708823202.0,help with this app pls,ive been trying to make a post with a video of me swimming breaststroke looking for tips for a whole hour but it keeps getting deleted by reddit. is it possible to post videos here? i also tried to post a link of it but nothing works,Swimming
43,1708822484.0,"goggles vs ""swimming masks"" vs ""swimming mask + snorkel tube"" - one recommendations for the Caribbean beaches? looking to purchase one of these before my cruise"," i dont exactly get the benefits of one over the other. the snorkel tube is only useful if u skim the surface since the tube needs to be above water. i also do not quiet understand the swimming mask's ability to plug your noise and if that is really necessary?

 ",Swimming
44,1708818262.0,Anyone watch ACC or SEC championships?,"Heartbreaking to watch the ACC 1650, the winner was DQ‚Äôd for celebrating and going into the next lane where his teammate was who had already finished. He was devastated ",Swimming
45,1708818197.0,"Any tips on how to improve my 50 free LCM? I'm in the white cap, lane 7. This was my first ever meet and got ~28s. Any advice is much appreciated. Thanks from Peru!",,Swimming
46,1708813851.0,Swimming alone,"Hey, so I have a question. I recently started to swim, and usually I have swimming coaches, but I've been wanting to do some swimming on my own, but i just don't know what to do ?? ",Swimming
47,1708813422.0,Knee feels weirdly loose on backstroke,"I've learnt how to swim basically from scratch as a middle aged adult. I'm at the point where I can say I'm comfortable swimming breast stroke, freestyle and backstroke. 

However, as I've started learning how to do back troke 'better', I've noticed this strange feeling in both knees. When doing the flutter kick for backstroke, on the down kick (for both legs) it feels like i'm popping a joing (kind of how one might pop/click their fingers) and i could swear my knee is hyper extending just a little bit beyond straight. I notice I can mask it if I stiffen my knees and keep my legs slightly bent (rather than fully straight) but this means a bad stroke.  


It's not painful at all, but I've never experienced any knee issues ever and want to keep it that way, so wanted to know if this is something i should put up with or not? ",Swimming
48,1708810890.0,Pull buoy ,"My father uses two pull buoys taped together whilst swimming. He was told it mirrors the buoyance when in the sea and has used this for many years. 

My question is - has anyone ever come across a huge pull buoy? Double the size of your average one? Thank you",Swimming
49,1708806854.0,How to know whether to quit college sport or walk away?,"i‚Äôm a D1 competitive swimmer, (18 female) freshmen. I have been debating whether to say goodbye to my sport or not, and feel as I could really use some advice and opinions. I also have 2 more years of college yet, as I‚Äôll graduate early. So should I give it at least one more year or be done? Instead of having a big rant over why or why I shouldn‚Äôt quit, i‚Äôm listing it out instead. Any comments would be greatly appreciated. 

Why I‚Äôm considering quitting-
1. Injuries- I‚Äôve had problems in my shoulders/biceps and problems with my knees over my career. Some days it feels worse than others, but it‚Äôs stayed the same as far as consistently levels.
2. Not improving- Before I joined my college team, I was improving quite regularly with many PR‚Äôs but now I haven‚Äôt dropped any, but I have been adding excess amounts of time. It has really damaged my mental health. 
3. Burn out- Now this one is like 50/50 for me. Sometimes I think i‚Äôm ready to make my decision final but then I find it so hard to walk away. I‚Äôm currently at a conference swim meet, and I have had a terrible meet. Up until today, I was set on being done. But now that it‚Äôs actually our last day, I don‚Äôt know if I can actually say that. I guess you can say it‚Äôs such a love hate relationship.
4. Academics- I tend to make decent grades (could be better), but I find it difficult with always being so exhausted and busy to do great. My ‚Äúall‚Äù is just like me being held back by these factors. 
5. Coach- my coach isn‚Äôt the best. Is he the worst? no. But currently we don‚Äôt have an assistant coach, so he has a lot to take on.

Why i‚Äôm considering staying- 
1. Love for the sport- I‚Äôve always loved swimming, i feel like this is what I was meant to do. But then again when i‚Äôm not performing well, I don‚Äôt feel like the same girl.
2. Friendships- I value the friendships I have made and enjoy the social aspect. 
3. A purpose- If I quit, am I going to struggle with my identity?
4. Ending on a bad note- Is it wrong to quit on a bad season?
5. What if I make improvements next year? for instance, what if the coaching staff gets better? or what if I‚Äôm just going through a hard adjustment to a new environment?
6. People who used to look up to me- Younger swimmers, old teammates, etc. Quitting after what it looks like was a bad season isn‚Äôt something that I like to think about.
7. New living situation- As a freshmen who lived with other people, my sleep and recovery wasn‚Äôt great. But next year, regardless of what I do, I plan to get my own bedroom/apartment. 
8. Was my swimming career supposed to be more than how it was this season?

",Swimming
50,1708806331.0,Swim cap and goggles strap,"Goggle strap inside or outside the swim cap & why?

Is one way more or less likely to result in a goggleburger?",Swimming
51,1708805878.0,Is a 1000 yd swim a decent workout?,"I've been swimming super casually and have been really enjoying listening to podcasts and mixes. Back a few weeks ago in early January I could only swim like 25 yards without stopping. Now I can swim 500 yards without stopping and I have been consistently doing 1k yard swims. These take me about 30-40 min or so. 

I'm a bigger dude so while this is probably a terrible pace (1k yd/ 35ish min), I've definitely noticed improvements! I feel like I recover faster from 1k yards than I did maybe two weeks ago when I settled on this number to be a decent start.


By and large, is 1000 yards front crawl a decent workout for casual swimming (e.g. for enjoyment, exercise) or should I really try to either swim for longer distance or swim for more time? I don't necessarily want to swim ""faster""....I really do value just going slow an taking my time",Swimming
52,1708802660.0,Swim suits purchase online - how do you tell if this website is legit? Their prices are super low üòÉ- any help would be greatly appreciated !! üèäüèª‚Äç‚ôÇÔ∏èüèäüèª‚Äç‚ôÇÔ∏èüèäüèª‚Äç‚ôÇÔ∏è,"1.) https://www.aswimwears.com/

2.) https://www.aswimwears.com/arena-solid-swim-brief-black-arena-swimwear-quality-guarantee-products16516991.html


",Swimming
53,1708801402.0,Broken wrist as a swimmer,"I just broke my ulna and radius and can‚Äôt get back in the pool for around 8 weeks. The break was pretty bad as it was reduced 2 times, 1 under general anesthesia in the OR and they put pins in to hold the bones. What can I do to ensure I dont lose everything I have gained/worked for?",Swimming
54,1708799919.0,How to increase frequency? ,"So, I am a swimmer in germany and I am 100% a backstroker. I am just off the Qualifying time for my age group in the 50 Back for the southern german championships (which would be amazing). My biggest problem is my stroke frequency: its way too slow (especially for a 50) but I just cant move my arms any faster. Fo you have any advice for me to improve this?",Swimming
55,1708797878.0,Questions regarding timings,"can anyone from india answer this, if you have participated in cisce nationals, if you have, which categories did you participate in, what is your timing in that specific category, did you win any? ",Swimming
56,1708796969.0,100 breaststroke ,"I‚Äôm more of a 200 breast type of swimmer which means I‚Äôm used to being more efficient and slightly exaggerating movements, The main issue I‚Äôm having in the 100 is that I rear back when I pull out of the water (the above water phase of stroke before you shoot your hands). I end up almost vertical and it affects my tempo and just generally wastes tons of time. I‚Äôve been working on this for a long time but I can‚Äôt seem to fix it so that I can stay lower and have more forward momentum in my stroke. I‚Äôve even thought of strapping a kick board to my back to keep in line lol, it‚Äôs that bad. Any advice on how to fix this is appreciated, thanks!",Swimming
57,1708794586.0,question about open water ocean swimming,"I would like for some advice for a triathlon i have coming up and I've only swam an 800m freestyle once in a pool. I've learnt how to peep and how to swim a long distance style but  I would like advice on how to stay a consistent in the chop and how to switch rhythm easier .

thanks",Swimming
58,1708786035.0,How to stay motivated and consistent,"I've been swimming more frequently (2 to 3 times a week) since October for my overall health. I never was a good swimmer when I started out and my progress with breaststroke and backstroke has been huge so far, which motivated me greatly. Now I really want to learn freestyle,  been watching tons of YouTube videos and using equipment for practicing technique. However, the learning process has become very slow (note: barely any progress, really) I've noticed that I'm losing motivation. I'm even slacking with the two strokes I have become better at. I'm finding it harder to convince myself to go to the pool. When I am there, I'm very focused on how much time has passed, sometimes leaving after only 15min. I'm not in the financial position to get a swimcoach unfortunately. Trying not to be too hard on myself that it is what is, but I am afraid that I will give up swimming for good. It has been so good for me for a lot of reasons, but I'm struggling to see the benefits at the moment.",Swimming
59,1708783305.0,If you're wearing a tech suit and need to pee - what do you do??,I got my first tech suit and it takes forever to put on and take off.  What's the best way to pee at a meet??,Swimming
60,1708781969.0,Hypoallergenic goggles ,I‚Äôve been using the same model of Speedo goggles for over 10 years but now my skin at the temples and on my nose is breaking out. Any suggestions for a new pair?,Swimming
61,1708781580.0,I have zero aerobic capacity and I‚Äôm terrified for college,"Context: I‚Äôve been swimming since I was five, year round club swimming since I was seven. Three years ago I moved into the highest group my program offers. I‚Äôm committed to swim at an upper level D3 school. 

I‚Äôm a mid distance swimmer (200 fly, back, free & 500 free), but I train like a sprinter. Every set my coach puts on the board is anaerobic. I know I‚Äôve lost the stamina I once had because of this. My breathing pattern has completely disappeared. I don‚Äôt pace as well as I used to, etc.

The only time we ever really do a distance over a 100 is during warm up when occasionally my coach will put up 4x200 free, which are actually painful for me to get through. We never swim aerobic stroke and do aerobic free maybe once a month. 

I‚Äôve asked my coach for something simple like 10x100 or 5x200 best average, but he keeps telling me it‚Äôs not ‚Äúthe way this group trains.‚Äù His idea of a great main set is 30x25 on the :40. I would have switched teams, but the next closest club to me is 35 minutes away. 

I don‚Äôt want to look like an idiot or a fraud in front of my new coach, but I don‚Äôt know what to do. I can barely swim fast 200 unless it‚Äôs taper time and I‚Äôm super well rested, let alone more than one. 

How do I explain my situation to them? 

",Swimming
62,1708778874.0,Need suggestions on how to cool down after a swim,"Hi r/swimming!
This is my first post here

Due to my office schedule I can only swim in evening.
But after swimming I tend to run very hot and i find it difficult to sleep even 3 hours after swimming.

The only time when I naturally fall asleep then is around 3AM when my body naturally cools down. 
I need suggestions on how to cool down faster so I fall asleep. Thank you!",Swimming
63,1708778328.0,Finally cracked sub 2min 100m breaststroke in a bit over a year of adult onset swimming,"Wasn‚Äôt sure where else to post it and I doubt anyone I know in real life will care. Took up swimming full time last January after getting knocked out of running due to long term illness.

I‚Äôve worked hard on my free technique and got reasonably fast with mega endurance,  but I also just seem to be one of those people who really gels with breaststroke as I‚Äôm rarely far behind my freestyle pace. ",Swimming
64,1708773361.0,Tips for head up freestyle/front crawl?,"Next week I'll have to do 100m head up freestyle, which is really stupid because I dont see the point rather than neck pain but whatever. I've never been able to do it and I always end up inhaling a bunch of water and choking mid swim at around 50-75m, but next week I absolutely HAVE to pass. I also have to do 100m normal freestyle before 100m head up (no breaks- not even 5 seconds at the end of the pool to breathe), and though it's not too bad it'll definitely tire me out. Any tips?",Swimming
65,1708772607.0,Why do I keep getting toe cramps from swimming?,"I've been swimming since I was 5 and I've been doing this level of excercise for almost a year so no, it's not because I'm overdoing it. It's really annoying because after around only 100m of swimming I get cramps when I'm not even that tired. I also get cramps when I push off the the wall and glide. Sometimes I get cramps in the changing rooms before I swim and honestly I wonder if my body just gives me cramps everytime it's time to do swimming because I keep a routine. Please help.",Swimming
66,1708768718.0,Dominant Leg Backwards or Forwards for Dive?,"I've only ever swum as an adult, & most of what I've learnt came from monkey see, monkey do.

I dive with my dominant (right) leg positioned to the rear. I know this is unconventional, but it's always felt the most natural.

I'm competing more now & have started training dives. It's still at a point where I can make big changes to my form, so my question is whether I should force myself to go dominant foot forwards. Would this make a big difference to dive effectiveness?",Swimming
67,1708746699.0,Getting faster in the 100 breast,"I previously posted by PR of 1:15, and with the help of you guys I PRd by 5 seconds today and dropped to a 1:10. My goal is to break 1:06. In what parts of my stroke could I drop the most time?

I noticed that I lose a lot of momentum at the end of my underwater. Also, I changed my tempo to be a lot faster at the end but I'm not sure if that was beneficial or not.",Swimming
68,1708738988.0,Best HS Event Finals,"

[View Poll](https://www.reddit.com/poll/1ayi9ky)",Swimming
69,1708738274.0,Pace clock recommendations?,"For two different teams, I need to buy new pace clocks this year. One is for an outdoor pool and the other is for an indoor pool. Any thoughts on which to buy?",Swimming
70,1708738067.0,How many times a week to see good results/ programming.,"I‚Äôm pretty new to swimming but want to see if I can really change my body if I do to consistently, how many times a week to get shredded? ",Swimming
71,1708735246.0,I Swam My First Mile Today,"I started swimming in September and have just finally decided to try and swim a mile. I finally did it. I‚Äôm still very slow and stop at the end of each lap for a few moments. But I did it! Now, my focus is on swimming a mile non-stop.",Swimming
72,1708734141.0,Urgent Tech Suit Help Desperately Needed,"I‚Äôm a relatively new swimmer (this is my 3rd season) and I have been able to qualify for both my high school conference and state championship meets (100 free and 100 back). I‚Äôm hoping to go a 50 flat in the 100 free (or maybe less ideally) and to drop some extra time in addition to tapering and shaving I want to wear a tech suit. 

I am deciding between the Arena Powerskin ST 2.0 and a TYR Thresher. These seem to be the best option in my price range. Can anyone weigh the pros and cons and help me decide which to order. I need to order ASAP as conference finals are next week. ",Swimming
73,1708727039.0,Underwater from dive and tumble turn drills please ,Hi guys I‚Äôm currently in my final year of a level pe and on Monday I have to watch a swimmer and then do a half an hour talk about their strengths and weaknesses and then create a development plan for their priority weakness. So to prepare I have been pre planning 8 week development plans for different weaknesses but I am struggling for underwater. Can anyone please suggest some drills that would help develop an underwater kick within an 8 week training program please. TIA,Swimming
74,1708722515.0,Something clicked today ! ,"I know it‚Äôs not fast by any means.  but I‚Äôm super stoked for this. I‚Äôve been swimming 3 times per week for sometime now and watching YouTube videos, signed up for effortless swimming but nothing seems to help me move from between 2:15-2:30/100 m. 

Got in the pool today for a CSS test and something just clicked. I felt streamlined, at ease, strong during the 50m warm ups. But thought when I got to the 800 and 20 tests it would go to pieces but it didn‚Äôt and I swam at ease at 2:02/100m and still had energy. 


Really feel it‚Äôs paying off. That‚Äôs it ! 

",Swimming
75,1708717140.0,Lane switching at the most prestige meet??!!!!,I was rewatching the 100m backstroke semifinal and saw that lane 4 and 5 switched. What should have been done? Are they disqualified?,Swimming
76,1708716930.0,What TF has happened to my swimming performance? why am i so awful now?,"I‚Äôm an 18 year old female and college freshmen who came into the season with strong and fast times. I trained hard over the years and consistently dropped time. But ever since I got to college, i have added more and more time as meets and the season have went on. I also came into the school with shoulder and knee injuries, never got x-rays, but was told it was tendinitis. It never stopped me from dropping time before even when I felt my weakest. But now I don‚Äôt know what‚Äôs going on because practices are just as hard as they were in my previous training years, and as we are currently at our championship meet all my hard work has shown to do nothing. I have added time like no other. I can‚Äôt help to wonder if it‚Äôs my injuries that have affected me, I have been experiencing more pain frequently but always have done treatment and just brushed the pain off when in competition. I‚Äôm also thinking about quitting after this year due to my repeated injuries, but besides that point I just feel like the slowest and worst swimmer ever. I don‚Äôt know what to do, someone please tell me why I‚Äôm doing so bad in my sport that I once succeeded and made multiple state and sectional cuts for. I don‚Äôt know if it‚Äôs the coach or what, a lot of people say he isn‚Äôt good and also caused them to add time but it‚Äôs almost like maybe that‚Äôs not it.",Swimming
77,1708715899.0,Are there any scholarships for high school students? ,I am a therapist and have a client who is a high school student and pre Olympic level swimmer. She unfortunately had to quit after losing her mom to cancer and the financial strain that it put on her family. She finds immense joy in swimming and doesn‚Äôt have access to it anymore due to the recent changes. I‚Äôm hoping someone can point me in the right direction here as I‚Äôd like to see if there‚Äôs any scholarships or financial assistance she may be eligible for. We‚Äôre in Westchester NY. Thank you! ,Swimming
78,1708713057.0,How to kick more efficiently while swimming?,"Greetings, so how to kick more efficiently when swimming? When I swim with a kick board, I feel like I'm not moving anywhere and my legs just starts to cramp. I mostly swim freestyle and breatstroke.

I am fairly new to swimmimg distance though, so maybe it will be vetter with practise",Swimming
79,1708712871.0,How to move arms faster?,"I have pretty good technique, so all my coaches have told me. 
I just can‚Äôt move my arms fast.
I have good endurance as well as i have been swimming for like 10 years. I‚Äôd say that I am a distance swimmer. i literally just don‚Äôt know how to move my arms fast for sprints.
Any advice on moving my arms faster would be greatly appreciated.",Swimming
80,1708711849.0,Need Sub 8 minute 400m,"Did my first swim test today for beach lifeguarding I clocked 8:27 on the 400m but need to be under 8 minutes to pass the assessment in 2 weeks.

Haven‚Äôt really been doing any swimming at all, I‚Äôd call myself a lowish intermediate level surfer, I run like 2 5ks a week as well but that‚Äôs really it, I was completely exhausted after that 400m swim.

My kick off the wall was lacking a bit but the biggest factor was my legs creating drag in the water and well I was completely tanked even at the 200m stage just had to power through.

Does anybody know any good ways now to train in the next 2 weeks to try knock off 30 seconds.",Swimming
81,1708710002.0,learning to swim without an instructor,"is it possible to teach yourself how to swim without the help of an instructor?

maybe there could be some form issues to be corrected down the line but surely by going to the pool every week you would see improvements.. right?

not that I‚Äôm opposed to an instructor but I‚Äôm just wondering.",Swimming
82,1708706831.0,Please critique my form,"Please critique my form. You may check my older videos for reference.
",Swimming
83,1708706242.0,Swim trunks,Trying to find swim trunks with a solid brief/speedo tyle liner.  Not boxer brief liner. And not mesh liner.  Anyone know of something like this?   ,Swimming
84,1708706166.0,Rash Guard for casual swim older person - long vs short sleeve .. drag and stability in water,"Need advice looking to buy a rash guard (not swim shirt), this is for an older casual female swimmer who feels the water is cold in the indoor pool (while the water temperature is right for a regular swimmer it's a bit cold for her). The rash guard would be worn on top of the regular one-piece swimsuit.

My assumption is the size has to be quite snag because they get baggy in the water.  Two questions:

1. Anybody experience with these rash guards? Aqua Sphere, Speedo, Oneill?  I don't feel like I want to spend money on all of them only to find the one that fits. Hope I can narrow down just by looking at criteria e.g. Oneill seems has best reputation but Speedo is almost in every online shope. Aqua Sphere has that little tag on the front bottom allowing it to be tied to swim suit bottom I guess in case the short gets too loose and baggy in water to prevent going up.
2. Recommendation long vs short sleeve? This is for indoor pool. How much drag will the long sleeve? Her arms are quite thin, so I am worried the long sleeves will get baggy in water an will cause a lot of drag when moving hands. Is the long sleeve more difficult to remove than the short sleeve when wet?

&#x200B;

I am looking at the short sleeve ...

**Aqua Sphere Rash Guard**

[https://www.walmart.com/ip/AQUA-SPHERE-BIX-BRIGHT-RASH-GUARD-GREEN-ROYAL-BLUE-4Y/225637251](https://www.walmart.com/ip/AQUA-SPHERE-BIX-BRIGHT-RASH-GUARD-GREEN-ROYAL-BLUE-4Y/225637251)

**Speedo Hydractive Rash Guard**

[https://www.tradeinn.com/swiminn/en/speedo-hydractive-rash/136986120/p](https://www.tradeinn.com/swiminn/en/speedo-hydractive-rash/136986120/p)

&#x200B;

... and the long sleeve...

&#x200B;

**or Long sleeve Speedo**

[https://speedomalaysia.com/products/speedo-printed-long-sleeve-rash-top-1](https://speedomalaysia.com/products/speedo-printed-long-sleeve-rash-top-1)

&#x200B;

For both Long and short sleeve there are versions by Oneill

[https://us.oneill.com/collections/rash-guards](https://us.oneill.com/collections/rash-guards)

I don't think I would go for the Fins Swim Shirt as that seems expensive and more designed for swim instructors and the like..

[https://www.finisswim.com/Thermal-Training-Shirt](https://www.finisswim.com/Thermal-Training-Shirt)

&#x200B;",Swimming
85,1708693192.0,NYC - stores that carry competitive swim gear?,I haven't had much look searching on line (the search results are all ads and nothing useful).   I have a colleague who will be coming from overseas and working in NYC for a week or so at the end of March and she is wondering if there is a store in Manhattan that sells swim gear.  She wants to get some stuff for her son who is a competitive swimmer in Asia.  Thanks in advance.,Swimming
86,1708689244.0,Is -10s in 100m FC in 9 months a realistic swimming goal?,"Hi all,

28 y/o masters swimmer. I started competitive swimming in Sep 2022 (only learnt basic swimming as a child). In Oct 23, I had my 1st comp & did 100m in 1:21. At a 2nd comp more recently, I hit 1:18.

My long-term goal is to swim 100m in <1:00.

My current training is:

* Swim 2x / wk 1hr sessions w/ masters club
* Swim 1x a fortnight 1hr session w/ private coach for form/technique
* Swim 2x / wk public sessions (endurance & sprinting)
* Gym 2x / wk, mostly explosive compound movements & calisthenics
* 5k run every day

To make my goal more digestible, I want to break it down into milestones & think -10s by the end of 2024 is reasonable. However, this is based purely on intuition, so I'd like to get your views on its feasibility. Also, are there any good methods for extrapolating swimming progress forwards & establishing goals?",Swimming
87,1708687499.0,Dry robe or dupe?,,Swimming
88,1708685514.0,Streaming music?,"Hi all. I am very obese and trying to lose weight but any other exercise is killer to my knees, so I‚Äôm hoping to swim a lot. 

My issue is, as someone with ADHD I get bored so quickly and I need good music to get me going. I have been looking into underwater music players etc but they all seem to be mp3. 

Issue is I don‚Äôt have a computer so I can‚Äôt download music onto a mp3 player. 

Does anyone know of anything I could use? I was originally going to get a waterproof case for my phone (would use an old one) and Bluetooth waterproof head phones but reviews say Bluetooth does t work when swimming. 

I‚Äôm stuck here I really want to enjoy swimming. ",Swimming
89,1708670243.0,i got my first medal!,"it was for 100 fly, there was only ten people and i got tenth place. i still made finals tho and got a medal even though i got last. i also added 4.30  but it‚Äôs ok, i‚Äôm super proud of myself and maybe i can get more at the meet i‚Äôm going to this weekend!",Swimming
90,1708666565.0,Tips on swimming the 200 IM,"Hi all! Looking for tips on swimming the 200 im, because it‚Äôs my first time this coming weekend. I‚Äôm a beginner swimmer And please don‚Äôt mind my pretty slow times. 

I have a 40(50 breast), 41(50 fly), 43(50 back, this is my minor please don‚Äôt say I‚Äôm slow), 34(free)

I am hoping to go about 3 minutes, hopefully a little faster? Please let me know if this might be possibly, keeping in mind I get tired super easily.

 Don‚Äôt get me wrong, I have a coach, club, and all that, just looking for tips. Hopefully no hate on this post :(. Swimming it for my first time this coming weekend, just looking for tips to go fast & not die :). As I‚Äôm a breastroker, I‚Äôm stuck with swimming fly and back first (both which I‚Äôm not too good at) so that‚Äôs  not great for me and I‚Äôm not sure if I will even be able to swim free or sprint breast‚Ä¶ but anyway, Any other breastrokers out there who could give some tips And tricks? Thank you!",Swimming
91,1708662688.0,Anyone with toe cramps?,"Each time I go swimming, after about 30 minutes I start getting cramps in my toes and feet. If I drink electrolytes it delays the onset of cramps, but I still get them. I already drink about 1liter of water during my 1.5 hours practice and need to go to washroom once. I am a beginner and don't swim fast (~2-2.5kms).

Is there anyone with this problem? ",Swimming
92,1708659472.0,Should I warm down in a warm pool with a race suit?,"I have a meet tomorrow and the facility only has 1 50 meter pool which will be used for racing. However, they have a play area with 4x25 meter lanes (which we would use for cool down). These lanes are lazy river warm though as they‚Äôre connect to a lazy river. Not as hot as a hot tub but definitely not cold. Will this ruin or damage my race suit? I don‚Äôt want to take it off as it‚Äôs extremely hard to put back on when wet and I‚Äôm worried it will tear while trying to. I would only swim about 400-500 meters for cool down.

For reference I have the arena carbon air 2",Swimming
93,1708649505.0,i need help finding a one-piece (for competitive swimming)!,"Hi! I'm a 20F and I can't find a one-piece for the life of me! Not online or in any stores. I wear a size 40, so children's sizes don't fit me. I'm just looking for a one-piece without padding or any shelf-bras in them. I'm fairly thick, but I'm completely flat chested, and i can never find a one-piece without those built-in bras, or padding. I've tried wearing them before, but the extra fabric turns into a nightmare!  


Anyone has any links for stores or things like that? I'm starting to give up üòÖ",Swimming
94,1708646762.0,Swimming a marathon!,"Hey guys. I am pretty much new to swimming. I did do a semester of swimming three years ago, but haven‚Äôt since. Someone at the college I‚Äôm going to wants to start a swim team, and I would love to be a part. Can y‚Äôall help me make an easy to follow plan to help me be able to swim 1,000 yards consecutively in three months? This can include other physical exercise as well, not just swimming. I appreciate you guys so much!

Edit: I know it is not an actual marathon, but its close enough in my mind lol",Swimming
95,1708646441.0,Failed lifeguard test,"Today I tried the test to become a lifeguard‚Ä¶ and failed reallll bad. I had to swim 300 yards, tred for 2 mins, and retrieve a 10 pound block.

For the 300 yards I only had to do 6 laps! But they tore me up. After 2 laps, my whole body shut down and I just had to give up.

The guy told me it was because my rhythmic breathing was off, and my head was lifted too much from the water.

I was wondering if any of you had any tips? I know practice makes perfect, but anything helps. The other subreddits told me ‚Äú if you can‚Äôt do that, you shouldn‚Äôt be a lifeguard‚Äù but I‚Äôm really passionate about it and don‚Äôt wanna give up ",Swimming
96,1708639939.0,USA Motivational Times... in a Spreadsheet?,"Trying to export the PDFs to Excel is a nightmare. Anyone have this data in a spreadsheet or csv file? 

&#x200B;

I am referring to these: [https://www.usaswimming.org/docs/default-source/timesdocuments/time-standards/2024/2021-2024-national-age-group-motivational-times.pdf](https://www.usaswimming.org/docs/default-source/timesdocuments/time-standards/2024/2021-2024-national-age-group-motivational-times.pdf)

&#x200B;

And these: [https://www.usaswimming.org/docs/default-source/timesdocuments/time-standards/2024/2021-2024-national-single-age-motivational-times.pdf](https://www.usaswimming.org/docs/default-source/timesdocuments/time-standards/2024/2021-2024-national-single-age-motivational-times.pdf)",Swimming
97,1708639734.0,Embarrassed myself at swimming competition,"I was signed up for a county-level swimming competition within my organization (cadets), against others from across the country. A staff member came around with a clipboard, asked if I could swim and if I was free on a certain date (I answered yes - I had swimming lessons several years ago) and I was signed up on the spot, without being given other details.

On the day I found out I had to do individual medley and it was a far bigger event than I expected. multi-tiered stands, lots of people watching, olympic-style pool with diving blocks, referees etc... It was such a stupid idea, I didn't think about what I was signing myself up for.

I had never dived off a block but my competitors were standing on them so I felt I had no choice. Dived into the water on the whistle, winded myself on landing, swallowed a ton of water and had to break into butterfly stroke... In reality, I was gasping to stay alive and just had to do a mixture of doggy-paddle inbetween attempts at the correct stroke.

It took me several minutes longer than the second slowest person, the lifeguard had left his chair and was standing at the edge of the pool the entire time, and worst of all when I reached the end, my arms were so weak and jellified that I couldn't lift myself out of the pool. It took a minute of struggling before one of the next event's contestants reached a hand out to pull me up out of the water...

All watched by probably 200 people.

Oh, and then my legs felt so weak that I struggled to even walk off stage, a referee had to give me their seat so I could recover first.

I think I need to actually properly learn to swim so that I can redeem myself at the next event...

&#x200B;",Swimming
98,1708639413.0,2024 CIF Qualifying Times,"Anyone know where I can see the CIF qualifying times for the 2024 season? I have the times from last year. Was there a change? Specifically, looking for southern section division II. Thanks. ",Swimming
99,1708639196.0,distractions while swimming long sets,"hi! im 14F and ive been swimming for like 2 years now. the problem is that whenever i swim anything longer then like a 50, i start getting in my own head and get some pretty bad intrusive thoughts. (not in the way that it‚Äôs been tiktokified) and by that i mean i get really graphic and disturbing images and thoughts that just pop up in my head and sometimes they freak me out so badly that i have to get out of the water because i start having a panic attack. does anybody have any ways i can distract myself while swimming? i feel like ive tried everything. ive sung songs in my head, ive counted, ive done math, nothing seems to help. thanks so much",Swimming
100,1575962975.0,"Just recently, I managed to be selected to compete in Tokyo 2020, representing Nepal for male swimming.",,Swimming
101,1552749074.0,Don't do Underwaters Alone,"I'm a paramedic.

Last night, on duty, we were called to a local gym and indoor pool facility for a teenager found drowned in the pool.

He was alone. Nobody knew how long he'd been under. Some gym goers walking by noticed he was just floating under the water and grabbed him out. 

They did CPR, and thankfully, by the time I got there, he was wide awake but in a lot of pain. 

He admitted to me later that he was trying to swim long lengths underwater and his last memory was trying to come up for air and then nothing. 

He experienced a shallow water blackout. Essentially, when you are trying to do long distances underwater, you can hyperventilate to maximize your oxygen intake and blow off much of your CO2, thus reducing the feeling of 'i need to surface for air' during your laps. 

But what ends up happening sometimes, is that you overdo it, and you end up expelling too much CO2. Then, as you are doing your lap, your brain becomes oxygen deprived, but the CO2 level in your body is too low for your brain to signal you to breath. 

And, without any warning, lights go out. No slow fade into darkness, no slow feeling of passing out. No, you pretty much just go out in a matter of seconds.

...

At the hospital, my patient's father expressed shock to me that this happened to his kid. His kid is an incredible competitive swimmer, one of the best in his age group. It didn't make sense that he nearly drowned. He could understand some rookie, but his kid? In a pool that was maybe 5 feet deep? 

I told him yes, his kid, in a shallow pool, surrounded by other people. He almost lost his life before he even started it in earnest. 

Don't. Train. Underwaters. Alone.",Swimming
102,1627700387.0,I feel her pain and frustration deep in my soul.,,Swimming
103,1568156660.0,They‚Äôre called anti-fog for a reason!,,Swimming
104,1627618718.0,Tatjana Schoenmaker of South Africa realizing she just set a World Record,,Swimming
105,1585320587.0,You know who you are,,Swimming
106,1599400351.0,"Swam from open to close for charity today: 1,360 laps",,Swimming
107,1585772631.0,"Oh, the gold old days ...",,Swimming
108,1599125299.0,"Me and my dad just went swimming in the sea, 500m total, furthest I‚Äôve ever swam üòÄ",,Swimming
109,1584713083.0,Humor is great for getting through these trying times,,Swimming
110,1583460472.0,our team got 4:20.69 on our 5x100im relay meet,,Swimming
111,1565762922.0,Nothing gets better than an empty pool at night,,Swimming
112,1586711770.0,My husband has finally lost his mind.,,Swimming
113,1611924806.0,Jeez,,Swimming
114,1623809257.0,The exact finish I was hoping for,,Swimming
115,1592315616.0,How I felt returning to the pool after 3 months away.,,Swimming
116,1472081514.0,For those wondering why I said keep an open mind about the Ryan Lochte Incident,,Swimming
117,1591803286.0,Decided to work from home,,Swimming
118,1587217878.0,This would be nice today :),,Swimming
119,1612677761.0,Guess this works for competitive swimmers only,,Swimming
120,1607185485.0,It was too cold to get out of the pool yesterday,,Swimming
121,1600873468.0,This weekend I completed my first ever 10k in open water! Anyone else an freshwater fan?!,,Swimming
122,1583115180.0,Work sent me to Sydney so had to find a new spot to punch out some laps...,,Swimming
123,1560852756.0,Who wants to swim here? My new home for the next 3 months.,,Swimming
124,1591867839.0,These are the muscles activated while swimming,,Swimming
125,1567105877.0,So grateful to have brought my YMCA‚Äôs first national swimming title in its history!,,Swimming
126,1557738944.0,Me and my buddy broke a minute today in the 100 free for the first time!,,Swimming
127,1532134137.0,English Channel swim. Today my niece swam the English Channel in 11 hours and 6 minutes. I‚Äôm posting it here because I thought you might be interested and I‚Äôm so excited and proud of her I want to tell everyone!,,Swimming
128,1596501724.0,Olympic swimmer keeps head so steady while swimming a glass of chocolate milk placed on the back of her head doesn't spill a drop,,Swimming
129,1601643379.0,Hope yall haven't seen this yet,,Swimming
130,1553626623.0,"Man swims 2200 meters across the Yangtze for his commute. Every day, 11 years and never late.",,Swimming
131,1581643635.0,How to put on a swim cap,,Swimming
132,1608656022.0,2nd lockdown and then a broken hand. Went swimming for the 1st time in 183 days,,Swimming
133,1587279300.0,Butterfly in Quarantine,,Swimming
134,1610206075.0,Beautiful sunshine during Saturday morning practice,,Swimming
135,1592360740.0,Does this count as swimming butterfly?,,Swimming
136,1601303262.0,Feelin fresh,,Swimming
137,1565508827.0,Golden hour.,,Swimming
138,1589405088.0,Not a bad idea ;),,Swimming
139,1566500860.0,Fun picture from one of my high school swim meets,,Swimming
140,1577120179.0,Every year my old high school swim team has an alumni meet where the high school team faces any alumni that come back. I surprised my girlfriend by proposing before ‚Äúour event‚Äù (which we have the record in)!,,Swimming
141,1568895565.0,"Found this on r/poolporn from a few years ago, wanted to share",,Swimming
142,1581304281.0,Water Ring From Freestyle. I didn‚Äôt even know water could do this,,Swimming
143,1627222720.0,How was he not disqualified?,,Swimming
144,1619142934.0,My dream pool that I made in Minecraft.,,Swimming
145,1628030946.0,I hope we will see more swimmers like this,,Swimming
146,1598871541.0,"I‚Äôm not a great swimmer, but have been swimming 1/2 mile twice a week this summer. Just reached mile seven. Here‚Äôs a pic before this morning‚Äôs swim.",,Swimming
147,1593171224.0,"Maltese swimmer, Neil Agius, just swam 100km from Sicily to Malta in 28 hours!",,Swimming
148,1565899316.0,This happened to my pool on Monday,,Swimming
149,1571955683.0,My friend finishing his 1000 fly today after losing his March madness bracket 6 months ago,,Swimming
150,1598625888.0,15.3 miles in 6 hours 46 mins to raise money for a local volunteer rescue squad (Virginia),,Swimming
151,1581088945.0,"200 Days Until the Tokyo 2020 Paralympic Games! In 2016 I fell and broke my back and was told I‚Äôd never swim again, now over 3 years later I‚Äôm back at what I first fell in love with when I was 4 years old!",,Swimming
152,1609756630.0,First winter of swimming properly and COVID means outdoors only.... at least it‚Äôs heated ü•∂,,Swimming
153,1561490970.0,Beautiful.,,Swimming
154,1578914326.0,Time to get those laps in.,,Swimming
155,1644065458.0,"Happiness is a lane to myself, eternal bliss is an entire 50m pool to myself!",,Swimming
156,1624717210.0,Bucket List Item: Complete,,Swimming
157,1649812329.0,Some kid from my school swam a 500 fly,,Swimming
158,1586824017.0,This right now would be nice :),,Swimming
159,1597447616.0,Tomorrow I get to swim 3.7 miles down this gorgeous river! Couldn‚Äôt think of a better way to spend my birthday :D,,Swimming
160,1612957667.0,Morning Joy :),,Swimming
161,1573874402.0,My Teamate Before Finals,,Swimming
162,1608916381.0,I got some new goggles!,,Swimming
163,1640011490.0,Per Request: Nationals Update. Made National C Team in 100 Back and Got Bronze in 100 Free!,,Swimming
164,1612019720.0,Thought you‚Äôd all like this hotel shower!,,Swimming
165,1696619503.0,Every upvote ill swim 1 meter tomorrow. Every comment is +10 meters.,"Feeling bored, ready for challenge. For reference the most I have swam in training is about 3500 meters, hopefully this wont be too hard.

Edit: this isnt for karma (couldnt care less). I swear I will do it, vote/comment closes at 3pm GMT.

Edit 2: Ill add evidence tommorow. Ill screenshot my garmin swim with date and time shown.

Edit 3: I invite everyone to try! Count down the number of upvotes/comments and try, have fun too!

(CLOSED: After extending for an hour I decided to close it because I actually have to go and swim it. However, feel free to keep casting your comments and upvotes and ill perhaps repeat it including the new comments.) I could do this post again but I dont wanna spam or act like im farming, so please keep it in here.",Swimming
166,1573443955.0,A follower beats his own idol !!,,Swimming
167,1544125063.0,They took that trick to the next level,,Swimming
168,1589246614.0,Finally! Home sweet home.,,Swimming
169,1572254008.0,"After the pool was nighmarishly packed on Saturday, finding this Monday morning was a gift.",,Swimming
170,1597002301.0,"Training in a pool overlooking my upcoming racecourse, Istanbul",,Swimming
171,1588117069.0,"It‚Äôs been hard to keep training during quarantine but I‚Äôve found a solution! Made a little edit for fun, what do you guys think?",,Swimming
172,1623947796.0,Don't want to brag but I just achieved a major milestone. I managed to re thread the drawstring on my Speedo trunks.,Only took 2.5 hours of fucking about. Tie those ends people...,Swimming
173,1638996787.0,Winter has come‚Ä¶and a pool to myself.,,Swimming
174,1661373921.0,Form check please,,Swimming
175,1619823905.0,Perfect timing,,Swimming
176,1665690303.0,Had the pool to myself last night,,Swimming
177,1546027654.0,Never saw this before,,Swimming
178,1598470339.0,Always in the pool,,Swimming
179,1655218112.0,Feeling rather lucky to call this my ‚Äòlocal‚Äô pool üèä‚Äç‚ôÇÔ∏è,,Swimming
180,1581028806.0,Nothing like rainy day laps. Anyone else a fan?,,Swimming
181,1580220039.0,Perfectly Organized Kickboards,,Swimming
182,1570887454.0,"I‚Äôve been swimming 3,750 meters every morning this week as a challenge. Today I got it done in 1:14:32 on my Apple Watch!",,Swimming
183,1571297717.0,My swim this morning. 50 meter in Palm dessert. Pretty cool view while swimming.,,Swimming
184,1682389432.0,Changing the lap lanes in an olympic sized swimming pool,,Swimming
185,1659274716.0,Frank Cuesta takes a swim and is greeted by a very curious river otter..,,Swimming
186,1607303584.0,I swam Toronto‚Äôs shoreline,,Swimming
187,1555439758.0,don‚Äôt slip,,Swimming
188,1646950103.0,"New Suit + Swam 5,000m = A happy gal",,Swimming
189,1609621112.0,"In Santos, SP, Brazil. This day I won three medals: backstroke, butterfly and free style.",,Swimming
190,1610945833.0,I miss swimming in a pool everyday. The smells. The sounds. All of the sensations so much. F#!K COVID.,,Swimming
191,1706756193.0,To the lady in the lane next to me;,I just wanted you to know that I freaking smoked you today. I don‚Äôt care if you‚Äôre 65. You didn‚Äôt know we were racing? Too bad. You got smoked. Suck it,Swimming
192,1582881617.0,Chinese swimmer Sun Yang banned for 8 years for breaking anti-doping rules,,Swimming
193,1654212345.0,"I‚Äôm swimming a marathon this week to support Stop Soldier Suicide. Today is day 2, here‚Äôs the two practices I swam today to complete 4.5 miles!",,Swimming
194,1669219682.0,I was asked to make a candle that smells like a swimming pool,,Swimming
195,1576835297.0,Imagine going to a morning practice like this (so lit),,Swimming
196,1586403004.0,"I started swimming as insurance for surfing outer reefs. But with pools closed, I‚Äôm realizing that swimming is meditative and necessary for my mental wellbeing. I miss you.",,Swimming
197,1583788369.0,Got my Olympic A cut (21.97) after only 6 months of training (and 7 years off)...but watch Dressel murder me on the start! (I'm in lane 5),,Swimming
198,1654385962.0,"I‚Äôm swimming a marathon this week to support Stop Soldier Suicide. Today is day 4, here‚Äôs the two practices I swam today to complete 5 miles!",,Swimming
199,1581517803.0,First conference championship in 33 years class A,,Swimming
200,1688277731.0,/r/swimming is no longer restricted,"As from our last post 

""We're going to be front-crawling back to normal, to start""

From the comments of that post it, sounds like you want it fully unlocked. You've got it!, For the next week, we have turned off all moderation features. As mods, we will do the minimum to keep the sub up.",Swimming
290,1708625609.0,I can‚Äôt swim üòî,"
EDIT: I just wanted to thank each & every one of you who has taken the time to leave a comment under this thread. Everyone has been so encouraging, supportive and really kind! I feel incredibly inspired to take swimming up, thanks to you lovely bunch of humans. I sincerely appreciate it & have throughly enjoyed reading your individual experiences with swimming! To anyone who has had the courage to take it up & overcome their fears, a massive well done. And to anyone who is curious or hesitant, then I implore you to read the comments under my post as they are full of useful tips and advice! 

Hey,

I‚Äôm absolutely embarrassed by this, but I‚Äôm a 26 year old adult female who can‚Äôt swim properly at all. I also have ptsd from the time I got pushed into the deep end of the pool by my swim instructor when I was learning at school, which changed my relationship with swimming forever. 

Every time I go on holiday and see people swimming I wish it was me! I still attempt to get in the pool but can only manage in shallow water (I wouldn‚Äôt call it proper swimming). Is there any hope for me? Can I still learn and be able to swim properly?

Thank you!",Swimming
291,1708636929.0,Insecure about swimming ,"i‚Äôm (F20) really nervous about going to a public pool. I love swimming but i‚Äôm pretty fat and have a weird body shape where my stomach is bigger than the rest of my body lol. I‚Äôm more masculine so i‚Äôm not into wearing a bikini, usually i wear t-shirts to the pool but i really don‚Äôt want to because i know it‚Äôs against the rules and it‚Äôs not super comfy. I want to wear just a sports bra and swimming shorts but i‚Äôm super nervous about showing my upper body as i have a lot of stretch marks on my stomach and back and i‚Äôm just really fat lmao. Any advice on how to over come this nervousness? ",Swimming
296,1708631562.0,How Far Was Your First OWS?,"I've been swimming in a pool since December (roughly 3x/wk) and have gained a lot of endurance, technique, and efficiency.  Still, I realize I have a LONG way to go before I can confidently do a 1.5mi open water swim. 

I live in a colder climate this time of year and won't be able to get into a natural body of water until May at the earliest most likely.  

I do not want to set myself up for failure or have expectations that swimming in a pool will be the same as a lake.  In my pool it's a flat 3ft-4ft deep throughout and even with short lap turns, I touch the bottom of the pool to quickly catch my breath, which obviously isn't possible in OWS.  I'm not at the point where I can swim 30+ laps with flip turns yet. 

So how far did you make it on your first OWS?  Was it 5min, 10min?  Was it just 200-300yds?  I have no idea what to expect and trying to set my expectations as low as possible, so I don't lose the small amount of confidence I've gained.  Also intersted in hearing others on what their first OWS experience was and anything that wasn't expected.  FYI: My first OWS will NOT be a race! It will be me swimming alone with wife in kayak following me.

For a gauge of where I'm at currently, I can do roughly 2100-2300 yds in an hour session; and that's transitioning intermittent use of pool tools (fins, hand paddles, buoy).    ",Swimming
297,1708608317.0,Thinking about joining Masters Swim team,"I‚Äôve been refreshing myself on strokes/swim form for the past 6 months. I hadn‚Äôt lap swam since I was a teenager. My gym offers a Masters Swim program and I‚Äôve been curious about joining. I chatted with the coaches about it and they were really vague when it comes to what a typical practice might look like. It‚Äôs an added cost, so I want to be as informed as I can be before committing to the spend.

If you‚Äôre part of a team, could you please help fill in the gaps and let me know what your experience doing Masters Swim has been like?",Swimming
299,1708631701.0,Getting back into shape,"I have been swimming a couple nights a week at the YMCA near me for a couple months now.  I swam while growing up and in college (NAIA).  My last season was in 2020 but didn‚Äôt get to finish well because of COVID.  I graduated college and began working full time but didn‚Äôt make exercise a big part of my schedule past weekend hikes and getting into bouldering.  I was very burnt out from swimming after college but I began to miss the structure of it and how in shape I was while swimming.  I‚Äôm 25 now, I weigh about 210 and am 6‚Äô1‚Äù, I was around 180 lbs-190 lbs while swimming.  When I go to swim now I swim a mile split up into 200s and it takes me about 45 mins to an hour.  I‚Äôm wondering if anyone has suggestions on how to train in the pool with the goal of losing some extra weight.  It just feels more difficult going to the pool now without a coach giving me a set everyday.  TLDR: Are there resources with swim sets I could print out to bring to the pool?  I‚Äôd like to maximize the time spent in the pool with workouts that will get my heart rate up and wear me out so I can lose some weight.",Swimming
300,1708984197.0,Butterfly kick timing,"When should you time your kicks in butterfly? I often have bad rhythm that makes me use more energy and go no where, could someone help me out here? ",Swimming
301,1708979235.0,Is 2.20.98 a good 200 meter freestyle time (SC) for 14 male?,"Im 14 and recently went 2:20.98 in the 200 meter freestyle in short course, my splits are 31.50, 35.78 (1:07.28), 36.78 (1:44.06), and 36.92 (2:20.98). Is this a good time? If no, what should my time be",Swimming
302,1708977592.0,ACL recovery and competition ,"I have reached the 6 month mark on an ACL tear and knee reconstruction. I am racing in an event this weekend and while my training has been average to poor, what I am really concerned is the start. 

I am nervous of the dive with my knee. It's not feeling 100% at the best of times. I'm racing long course which is good as it means less turns, but I am dreading pushing off the dive. 

Has anyone here come back from an ACL tear and returned to competition? Thanks in advance. Attached is my most recent set. Training sets have been short because my knee just gets too damn stiff. ",Swimming
303,1708977127.0,Denver Parks and Rec Swim Lane Etiquette - this works,,Swimming
304,1708973696.0,Worst swimmer ever,I am probably the worst swimmer of all time. I started six months ago. I practice about five days a week.  Have been taking lessons. I still can't go across the pool freestyle  (25 meters) consistently.  Most of the time about 20 meters is about as far as I can go. I do pretty good backstroke but freestyle I just can't seem to get it. I know all about head position and how to breathe. It doesn't matter my legs start sinking as soon as my head moves to breathe even though I am doing it correctly. I am getting ready to take lessons with another teacher. Hoping that will help. I have become very frustrated. I am  no longer making any progress. I have invested a lot of time and money in this and not much to show for it. I don't give up easily but it is beginning to look like this is about the best I can do and will have to accept it. I have watched probably every you tube video out there. I have tried almost everything. Any advice or tips will be appreciated even if I have already tried it.,Swimming
305,1708969065.0,Advice on how to improve breathing capacity and overall endurance?,"Hey i have been swimming for 3 weeks and my coach says i have a pretty decent technique but my big problem is that i gasp for air really soon, and as i turn to breathe its like i still want to breathe, i do exhale underwater, i kick my legs fine, im not that stressed. I dont know what else. And also i know endurance comes with time but id like tips to get better on breathing and endurance on the body more efficiently. Thank you!",Swimming
306,1708966594.0,New Swimmer nerves,"Hello! I am 17F from the Uk and would love to start swimming again. I used to swim competitively during the ages of 7-9, however since then have not swam once.
I‚Äôm hopefully going to aim to swim 3 times a week, on mondays, wednesdays and a weekend day, for either an hour or hour and a half sessions.

Issue is - i‚Äôm incredibly nervous about walking into my local leisure centre and going to swim. Like what if i‚Äôve forgotten how to swim? Id most likely partake in lane swims - but am nervous because everyone there will know what they‚Äôre doing and i don‚Äôt know how fast or slow i swim.

Any advice? üòÖ",Swimming
307,1708966281.0,Water in the nose - any advise?,"I love swimming but I am using a nose-clip, cannot make it without it. I try every now and then but after a few seconds I put it back again as I get water to my nose.
Do you have any advice how to approach it? I had some organized swimming classes with a trainer but was using a clip then, I went to focus on technics only. Now I swim on my own and do not have anyone to ask how to get rid of the clip.",Swimming
308,1708965671.0,ü¶¶ New Swim Stroke,"If you could develop a new, unconventional swimming stroke inspired by any aquatic animal, which creature would you choose and how would the stroke work?",Swimming
309,1708965548.0,Do any of you have any recommendations on getting under a minute on the 100 freestyle ,I currently have 1:00:70 on the 100 freestyle if anyone has any advice regarding strategy or just posture.,Swimming
310,1708965305.0,Need advice!!!!,I‚Äôm trying to get into swimming as away to do cardio. My knees can‚Äôt do running anymore and I know swimming will greatly reduce the impact on my joints. I can do just enough to get by as a swimmer but not strong enough to do laps consistently. My gym has a pool for people to do laps and I want to know what technique and routine should I be doing basically as a beginner to get into it. ,Swimming
311,1708964998.0,Where can I buy a wet suit in Las Vegas?,"Hi,

I'm not from USA, but I'll travel to Las Vegas in a couple of months. I'll be staying near the Bellagio Hotel for a week.

I need a wet suit and I'd like to compare prices and models between shops in my country and Las Vegas.

Do you know any place I can buy a wet suit in Las Vegas? ",Swimming
312,1708963246.0,How to take care of your hair when swimming?,"I have brought ‚ÄòUltra swim‚Äô shampoo and conditioner. My plan is to swim twice a week (using swimming hat), so use shampoo and conditioner after sessions, then moisturise hair with coconut oil. 

Any other tips?",Swimming
313,1708962876.0,Oh come on!!!,"https://swimswam.com/acc-champion-owen-lloyd-disqualified-for-his-post-race-celebration/

Poor application of the written rules (provided in article). My immediate reaction is overwhelmingly negative. Major feels for Owen, that was a great swim.",Swimming
